Postcode,NUTS1 region
AB10,Scotland
AB11,Scotland
AB12,Scotland
AB13,Scotland
AB14,Scotland
AB15,Scotland
AB16,Scotland
AB21,Scotland
AB22,Scotland
AB23,Scotland
AB24,Scotland
AB25,Scotland
AB30,Scotland
AB31,Scotland
AB32,Scotland
AB33,Scotland
AB34,Scotland
AB35,Scotland
AB36,Scotland
AB37,Scotland
AB38,Scotland
AB39,Scotland
AB41,Scotland
AB42,Scotland
AB43,Scotland
AB44,Scotland
AB45,Scotland
AB51,Scotland
AB52,Scotland
AB53,Scotland
AB54,Scotland
AB55,Scotland
AB56,Scotland
AB99,Scotland
AL1,East of England
AL10,East of England
AL2,East of England
AL3,East of England
AL4,East of England
AL5,East of England
AL6,East of England
AL7,East of England
AL8,East of England
AL9,East of England
B1,West Midlands (England)
B10,West Midlands (England)
B11,West Midlands (England)
B12,West Midlands (England)
B13,West Midlands (England)
B14,West Midlands (England)
B15,West Midlands (England)
B16,West Midlands (England)
B17,West Midlands (England)
B18,West Midlands (England)
B19,West Midlands (England)
B2,West Midlands (England)
B20,West Midlands (England)
B21,West Midlands (England)
B23,West Midlands (England)
B24,West Midlands (England)
B25,West Midlands (England)
B26,West Midlands (England)
B27,West Midlands (England)
B28,West Midlands (England)
B29,West Midlands (England)
B3,West Midlands (England)
B30,West Midlands (England)
B31,West Midlands (England)
B32,West Midlands (England)
B33,West Midlands (England)
B34,West Midlands (England)
B35,West Midlands (England)
B36,West Midlands (England)
B37,West Midlands (England)
B38,West Midlands (England)
B4,West Midlands (England)
B40,West Midlands (England)
B42,West Midlands (England)
B43,West Midlands (England)
B44,West Midlands (England)
B45,West Midlands (England)
B46,West Midlands (England)
B47,West Midlands (England)
B48,West Midlands (England)
B49,West Midlands (England)
B5,West Midlands (England)
B50,West Midlands (England)
B6,West Midlands (England)
B62,West Midlands (England)
B63,West Midlands (England)
B64,West Midlands (England)
B65,West Midlands (England)
B66,West Midlands (England)
B67,West Midlands (England)
B68,West Midlands (England)
B69,West Midlands (England)
B7,West Midlands (England)
B70,West Midlands (England)
B71,West Midlands (England)
B72,West Midlands (England)
B73,West Midlands (England)
B74,West Midlands (England)
B75,West Midlands (England)
B76,West Midlands (England)
B77,West Midlands (England)
B78,West Midlands (England)
B79,East Midlands (England)
B8,West Midlands (England)
B80,West Midlands (England)
B9,West Midlands (England)
B90,West Midlands (England)
B91,West Midlands (England)
B92,West Midlands (England)
B93,West Midlands (England)
B94,West Midlands (England)
B95,West Midlands (England)
B96,West Midlands (England)
B97,West Midlands (England)
B98,West Midlands (England)
B99,West Midlands (England)
BA1,South West (England)
BA10,South West (England)
BA11,South West (England)
BA12,South West (England)
BA13,South West (England)
BA14,South West (England)
BA15,South West (England)
BA16,South West (England)
BA2,South West (England)
BA20,South West (England)
BA21,South West (England)
BA22,South West (England)
BA3,South West (England)
BA4,South West (England)
BA5,South West (England)
BA6,South West (England)
BA7,South West (England)
BA8,South West (England)
BA9,South West (England)
BB1,North West (England)
BB10,North West (England)
BB11,North West (England)
BB12,North West (England)
BB18,North West (England)
BB2,North West (England)
BB3,North West (England)
BB4,North West (England)
BB5,North West (England)
BB6,North West (England)
BB7,North West (England)
BB8,North West (England)
BB9,North West (England)
BB94,North West (England)
BD1,Yorkshire and The Humber
BD10,Yorkshire and The Humber
BD11,Yorkshire and The Humber
BD12,Yorkshire and The Humber
BD13,Yorkshire and The Humber
BD14,Yorkshire and The Humber
BD15,Yorkshire and The Humber
BD16,Yorkshire and The Humber
BD17,Yorkshire and The Humber
BD18,Yorkshire and The Humber
BD19,Yorkshire and The Humber
BD2,Yorkshire and The Humber
BD20,Yorkshire and The Humber
BD21,Yorkshire and The Humber
BD22,Yorkshire and The Humber
BD23,North West (England)
BD24,Yorkshire and The Humber
BD3,Yorkshire and The Humber
BD4,Yorkshire and The Humber
BD5,Yorkshire and The Humber
BD6,Yorkshire and The Humber
BD7,Yorkshire and The Humber
BD8,Yorkshire and The Humber
BD9,Yorkshire and The Humber
BD97,Yorkshire and The Humber
BD98,Yorkshire and The Humber
BD99,Yorkshire and The Humber
BH1,South West (England)
BH10,South West (England)
BH11,South West (England)
BH12,South West (England)
BH13,South West (England)
BH14,South West (England)
BH15,South West (England)
BH16,South West (England)
BH17,South West (England)
BH18,South West (England)
BH19,South West (England)
BH2,South West (England)
BH20,South West (England)
BH21,South West (England)
BH22,South West (England)
BH23,South East (England)
BH24,South East (England)
BH25,South East (England)
BH3,South West (England)
BH31,South East (England)
BH4,South West (England)
BH5,South West (England)
BH6,South West (England)
BH7,South West (England)
BH8,South West (England)
BH9,South West (England)
BL0,North West (England)
BL1,North West (England)
BL11,North West (England)
BL2,North West (England)
BL3,North West (England)
BL4,North West (England)
BL5,North West (England)
BL6,North West (England)
BL7,North West (England)
BL78,North West (England)
BL8,North West (England)
BL9,North West (England)
BN1,South East (England)
BN10,South East (England)
BN18,South East (England)
BN2,South East (England)
BN20,South East (England)
BN21,South East (England)
BN22,South East (England)
BN23,South East (England)
BN24,South East (England)
BN25,South East (England)
BN26,South East (England)
BN27,South East (England)
BN3,South East (England)
BN41,South East (England)
BN42,South East (England)
BN43,South East (England)
BN44,South East (England)
BN45,South East (England)
BN5,South East (England)
BN50,South East (England)
BN51,South East (England)
BN52,South East (England)
BN6,South East (England)
BN7,South East (England)
BN8,South East (England)
BN88,South East (England)
BN9,South East (England)
BR1,London
BR2,London
BR3,London
BR4,London
BR5,London
BR6,London
BR7,London
BR8,London
BS1,South West (England)
BS10,South West (England)
BS11,South West (England)
BS13,South West (England)
BS14,South West (England)
BS15,South West (England)
BS16,South West (England)
BS2,South West (England)
BS20,South West (England)
BS21,South West (England)
BS22,South West (England)
BS23,South West (England)
BS24,South West (England)
BS25,South West (England)
BS26,South West (England)
BS27,South West (England)
BS28,South West (England)
BS29,South West (England)
BS3,South West (England)
BS30,South West (England)
BS31,South West (England)
BS32,South West (England)
BS34,South West (England)
BS35,South West (England)
BS36,South West (England)
BS37,South West (England)
BS39,South West (England)
BS4,South West (England)
BS40,South West (England)
BS41,South West (England)
BS48,South West (England)
BS49,South West (England)
BS5,South West (England)
BS6,South West (England)
BS7,South West (England)
BS8,South West (England)
BS9,South West (England)
BS98,South West (England)
BS99,South West (England)
CA1,North West (England)
CA10,North West (England)
CA11,North West (England)
CA12,North West (England)
CA13,North West (England)
CA14,North West (England)
CA15,North West (England)
CA16,North West (England)
CA17,North West (England)
CA18,North West (England)
CA19,North West (England)
CA2,North West (England)
CA20,North West (England)
CA21,North West (England)
CA22,North West (England)
CA23,North West (England)
CA24,North West (England)
CA25,North West (England)
CA26,North West (England)
CA27,North West (England)
CA28,North West (England)
CA3,North West (England)
CA4,North West (England)
CA5,North West (England)
CA6,North West (England)
CA7,North West (England)
CA8,North East (England)
CA9,North East (England)
CA95,North West (England)
CA99,North West (England)
CB1,East of England
CB10,East of England
CB11,East of England
CB2,East of England
CB21,East of England
CB22,East of England
CB23,East of England
CB24,East of England
CB25,East of England
CB3,East of England
CB4,East of England
CB5,East of England
CB6,East of England
CB7,East of England
CB8,East of England
CB9,East of England
CF10,Wales
CF11,Wales
CF14,Wales
CF15,Wales
CF23,Wales
CF24,Wales
CF3,Wales
CF30,Wales
CF31,Wales
CF32,Wales
CF33,Wales
CF34,Wales
CF35,Wales
CF36,Wales
CF37,Wales
CF38,Wales
CF39,Wales
CF40,Wales
CF41,Wales
CF42,Wales
CF43,Wales
CF44,Wales
CF45,Wales
CF46,Wales
CF47,Wales
CF48,Wales
CF5,Wales
CF61,Wales
CF62,Wales
CF63,Wales
CF64,Wales
CF71,Wales
CF72,Wales
CF81,Wales
CF82,Wales
CF83,Wales
CF91,Wales
CF95,Wales
CF99,Wales
CH1,North West (England)
CH2,North West (England)
CH25,North West (England)
CH26,North West (England)
CH27,North West (England)
CH28,North West (England)
CH29,North West (England)
CH3,North West (England)
CH30,North West (England)
CH31,North West (England)
CH32,North West (England)
CH33,North West (England)
CH34,North West (England)
CH4,North West (England)
CH41,North West (England)
CH42,North West (England)
CH43,North West (England)
CH44,North West (England)
CH45,North West (England)
CH46,North West (England)
CH47,North West (England)
CH48,North West (England)
CH49,North West (England)
CH60,North West (England)
CH61,North West (England)
CH62,North West (England)
CH63,North West (England)
CH64,North West (England)
CH65,North West (England)
CH66,North West (England)
CH7,Wales
CH70,North West (England)
CH8,Wales
CH88,North West (England)
CH99,North West (England)
CM0,East of England
CM1,East of England
CM11,East of England
CM12,East of England
CM13,London
CM14,London
CM15,East of England
CM16,East of England
CM17,East of England
CM18,East of England
CM19,East of England
CM2,East of England
CM20,East of England
CM21,East of England
CM22,East of England
CM23,East of England
CM24,East of England
CM3,East of England
CM4,East of England
CM5,East of England
CM6,East of England
CM7,East of England
CM77,East of England
CM8,East of England
CM9,East of England
CM92,East of England
CM98,East of England
CM99,East of England
CO1,East of England
CO10,East of England
CO11,East of England
CO12,East of England
CO13,East of England
CO14,East of England
CO15,East of England
CO16,East of England
CO2,East of England
CO3,East of England
CO4,East of England
CO5,East of England
CO6,East of England
CO7,East of England
CO8,East of England
CO9,East of England
CR0,London
CR2,London
CR3,South East (England)
CR4,London
CR5,South East (England)
CR6,South East (England)
CR7,London
CR8,South East (England)
CR9,London
CR90,London
CT4,South East (England)
CV1,West Midlands (England)
CV10,East Midlands (England)
CV11,East Midlands (England)
CV12,West Midlands (England)
CV13,East Midlands (England)
CV2,West Midlands (England)
CV21,West Midlands (England)
CV22,West Midlands (England)
CV23,West Midlands (England)
CV3,West Midlands (England)
CV31,West Midlands (England)
CV32,West Midlands (England)
CV33,West Midlands (England)
CV34,West Midlands (England)
CV35,West Midlands (England)
CV36,West Midlands (England)
CV37,West Midlands (England)
CV4,West Midlands (England)
CV47,West Midlands (England)
CV5,West Midlands (England)
CV6,West Midlands (England)
CV7,West Midlands (England)
CV8,West Midlands (England)
CV9,East Midlands (England)
CW10,North West (England)
CW12,West Midlands (England)
CW2,West Midlands (England)
CW3,West Midlands (England)
CW4,North West (England)
CW6,North West (England)
CW7,North West (England)
CW8,North West (England)
CW9,North West (England)
DA1,London
DA14,London
DA15,London
DA16,London
DA17,London
DA18,London
DA5,London
DA6,London
DA7,London
DA8,London
DD1,Scotland
DD10,Scotland
DD11,Scotland
DD2,Scotland
DD3,Scotland
DD4,Scotland
DD5,Scotland
DD6,Scotland
DD7,Scotland
DD8,Scotland
DD9,Scotland
DE11,East Midlands (England)
DE12,East Midlands (England)
DE13,West Midlands (England)
DE14,West Midlands (England)
DE15,West Midlands (England)
DE4,East Midlands (England)
DE55,East Midlands (England)
DE6,West Midlands (England)
DE72,East Midlands (England)
DE73,East Midlands (England)
DE74,East Midlands (England)
DG1,Scotland
DG10,Scotland
DG11,Scotland
DG12,Scotland
DG13,Scotland
DG14,Scotland
DG16,Scotland
DG2,Scotland
DG3,Scotland
DG4,Scotland
DG5,Scotland
DG6,Scotland
DG7,Scotland
DG8,Scotland
DG9,Scotland
DH1,North East (England)
DH2,North East (England)
DH3,North East (England)
DH4,North East (England)
DH5,North East (England)
DH6,North East (England)
DH7,North East (England)
DH8,North East (England)
DH9,North East (England)
DH97,North East (England)
DH98,North East (England)
DH99,North East (England)
DL1,North East (England)
DL10,Yorkshire and The Humber
DL11,North East (England)
DL12,North West (England)
DL13,North East (England)
DL14,North East (England)
DL15,North East (England)
DL16,North East (England)
DL17,North East (England)
DL2,North East (England)
DL3,North East (England)
DL4,North East (England)
DL5,North East (England)
DL6,Yorkshire and The Humber
DL7,Yorkshire and The Humber
DL8,Yorkshire and The Humber
DL9,Yorkshire and The Humber
DL98,North East (England)
DN1,Yorkshire and The Humber
DN10,Yorkshire and The Humber
DN11,East Midlands (England)
DN12,Yorkshire and The Humber
DN14,Yorkshire and The Humber
DN15,Yorkshire and The Humber
DN16,Yorkshire and The Humber
DN17,Yorkshire and The Humber
DN18,Yorkshire and The Humber
DN19,Yorkshire and The Humber
DN2,Yorkshire and The Humber
DN20,Yorkshire and The Humber
DN21,Yorkshire and The Humber
DN22,East Midlands (England)
DN3,Yorkshire and The Humber
DN31,Yorkshire and The Humber
DN32,Yorkshire and The Humber
DN33,Yorkshire and The Humber
DN34,Yorkshire and The Humber
DN35,Yorkshire and The Humber
DN36,Yorkshire and The Humber
DN37,Yorkshire and The Humber
DN38,Yorkshire and The Humber
DN39,Yorkshire and The Humber
DN40,Yorkshire and The Humber
DN41,Yorkshire and The Humber
DN6,Yorkshire and The Humber
DN8,Yorkshire and The Humber
DN9,Yorkshire and The Humber
DT1,South West (England)
DT10,South West (England)
DT11,South West (England)
DT2,South West (England)
DT3,South West (England)
DT4,South West (England)
DT5,South West (England)
DT6,South West (England)
DT7,South West (England)
DT8,South West (England)
DT9,South West (England)
DY1,West Midlands (England)
DY10,West Midlands (England)
DY11,West Midlands (England)
DY12,West Midlands (England)
DY14,West Midlands (England)
DY2,West Midlands (England)
DY3,West Midlands (England)
DY4,West Midlands (England)
DY5,West Midlands (England)
DY6,West Midlands (England)
DY7,West Midlands (England)
DY8,West Midlands (England)
DY9,West Midlands (England)
E1,London
E12,London
E13,London
E14,London
E15,London
E16,London
E1W,London
E2,London
E20,London
E3,London
E4,East of England
E5,London
E6,London
E7,London
E8,London
E9,London
E98,London
EC1A,London
EC1M,London
EC1N,London
EC1R,London
EC1V,London
EC1Y,London
EC2A,London
EC2M,London
EC2N,London
EC2P,London
EC2R,London
EC2V,London
EC2Y,London
EC3A,London
EC3M,London
EC3N,London
EC3P,London
EC3R,London
EC3V,London
EC4A,London
EC4M,London
EC4N,London
EC4R,London
EC4V,London
EC4Y,London
EH1,Scotland
EH10,Scotland
EH11,Scotland
EH12,Scotland
EH13,Scotland
EH14,Scotland
EH15,Scotland
EH16,Scotland
EH17,Scotland
EH18,Scotland
EH19,Scotland
EH2,Scotland
EH20,Scotland
EH21,Scotland
EH22,Scotland
EH23,Scotland
EH24,Scotland
EH25,Scotland
EH26,Scotland
EH27,Scotland
EH28,Scotland
EH29,Scotland
EH3,Scotland
EH30,Scotland
EH31,Scotland
EH32,Scotland
EH33,Scotland
EH34,Scotland
EH35,Scotland
EH36,Scotland
EH37,Scotland
EH39,Scotland
EH4,Scotland
EH40,Scotland
EH41,Scotland
EH42,Scotland
EH46,Scotland
EH47,Scotland
EH48,Scotland
EH49,Scotland
EH5,Scotland
EH51,Scotland
EH52,Scotland
EH53,Scotland
EH54,Scotland
EH55,Scotland
EH6,Scotland
EH7,Scotland
EH8,Scotland
EH9,Scotland
EH91,Scotland
EH95,Scotland
EH99,Scotland
EN1,London
EN10,East of England
EN11,East of England
EN2,London
EN3,London
EN4,London
EN5,East of England
EN6,London
EN7,London
EN8,London
EN9,London
EX13,South West (England)
EX14,South West (England)
EX16,South West (England)
EX35,South West (England)
EX36,South West (England)
FK1,Scotland
FK10,Scotland
FK11,Scotland
FK12,Scotland
FK13,Scotland
FK14,Scotland
FK15,Scotland
FK16,Scotland
FK17,Scotland
FK18,Scotland
FK19,Scotland
FK2,Scotland
FK20,Scotland
FK21,Scotland
FK3,Scotland
FK4,Scotland
FK5,Scotland
FK6,Scotland
FK7,Scotland
FK8,Scotland
FK9,Scotland
FY1,North West (England)
FY2,North West (England)
FY3,North West (England)
FY4,North West (England)
FY5,North West (England)
FY6,North West (England)
FY8,North West (England)
G1,Scotland
G11,Scotland
G12,Scotland
G13,Scotland
G14,Scotland
G15,Scotland
G2,Scotland
G20,Scotland
G21,Scotland
G22,Scotland
G23,Scotland
G3,Scotland
G31,Scotland
G32,Scotland
G33,Scotland
G34,Scotland
G4,Scotland
G40,Scotland
G41,Scotland
G42,Scotland
G43,Scotland
G44,Scotland
G45,Scotland
G46,Scotland
G5,Scotland
G51,Scotland
G52,Scotland
G53,Scotland
G58,Scotland
G60,Scotland
G61,Scotland
G62,Scotland
G63,Scotland
G64,Scotland
G65,Scotland
G66,Scotland
G67,Scotland
G68,Scotland
G69,Scotland
G70,Scotland
G71,Scotland
G72,Scotland
G73,Scotland
G74,Scotland
G75,Scotland
G76,Scotland
G77,Scotland
G78,Scotland
G79,Scotland
G81,Scotland
G82,Scotland
G83,Scotland
G84,Scotland
G9,Scotland
G90,Scotland
GL1,South West (England)
GL10,South West (England)
GL11,South West (England)
GL12,South West (England)
GL13,South West (England)
GL14,South West (England)
GL15,South West (England)
GL16,Wales
GL17,West Midlands (England)
GL18,West Midlands (England)
GL19,South West (England)
GL2,South West (England)
GL20,South West (England)
GL3,South West (England)
GL4,South West (England)
GL5,South West (England)
GL50,South West (England)
GL51,South West (England)
GL52,South West (England)
GL53,South West (England)
GL54,South West (England)
GL55,South West (England)
GL56,South East (England)
GL6,South West (England)
GL7,South East (England)
GL8,South West (England)
GL9,South West (England)
GU1,South East (England)
GU10,South East (England)
GU11,South East (England)
GU12,South East (England)
GU14,South East (England)
GU15,South East (England)
GU16,South East (England)
GU17,South East (England)
GU18,South East (England)
GU19,South East (England)
GU2,South East (England)
GU20,South East (England)
GU21,South East (England)
GU22,South East (England)
GU23,South East (England)
GU24,South East (England)
GU25,South East (England)
GU26,South East (England)
GU27,South East (England)
GU3,South East (England)
GU30,South East (England)
GU31,South East (England)
GU32,South East (England)
GU33,South East (England)
GU34,South East (England)
GU35,South East (England)
GU4,South East (England)
GU46,South East (England)
GU5,South East (England)
GU51,South East (England)
GU52,South East (England)
GU6,South East (England)
GU7,South East (England)
GU8,South East (England)
GU9,South East (England)
GU95,South East (England)
HA0,London
HA1,London
HA2,London
HA3,London
HA4,London
HA5,London
HA6,London
HA7,London
HA8,London
HA9,London
HD1,Yorkshire and The Humber
HD2,Yorkshire and The Humber
HD3,Yorkshire and The Humber
HD4,Yorkshire and The Humber
HD5,Yorkshire and The Humber
HD6,Yorkshire and The Humber
HD7,Yorkshire and The Humber
HD8,Yorkshire and The Humber
HD9,Yorkshire and The Humber
HG1,Yorkshire and The Humber
HG2,Yorkshire and The Humber
HG3,Yorkshire and The Humber
HG4,Yorkshire and The Humber
HG5,Yorkshire and The Humber
HP1,East of England
HP10,South East (England)
HP11,South East (England)
HP12,South East (England)
HP13,South East (England)
HP14,South East (England)
HP15,South East (England)
HP16,South East (England)
HP17,South East (England)
HP18,South East (England)
HP19,South East (England)
HP2,East of England
HP20,South East (England)
HP21,South East (England)
HP22,South East (England)
HP23,South East (England)
HP27,South East (England)
HP3,East of England
HP4,East of England
HP5,South East (England)
HP6,South East (England)
HP7,South East (England)
HP8,South East (England)
HP9,South East (England)
HR1,West Midlands (England)
HR2,West Midlands (England)
HR3,West Midlands (England)
HR4,West Midlands (England)
HR5,West Midlands (England)
HR6,West Midlands (England)
HR7,West Midlands (England)
HR8,West Midlands (England)
HR9,West Midlands (England)
HS1,Scotland
HS2,Scotland
HS3,Scotland
HS4,Scotland
HS5,Scotland
HS6,Scotland
HS7,Scotland
HS8,Scotland
HS9,Scotland
HU1,Yorkshire and The Humber
HU11,Yorkshire and The Humber
HU12,Yorkshire and The Humber
HU13,Yorkshire and The Humber
HU2,Yorkshire and The Humber
HU3,Yorkshire and The Humber
HU4,Yorkshire and The Humber
HU5,Yorkshire and The Humber
HU6,Yorkshire and The Humber
HU7,Yorkshire and The Humber
HU8,Yorkshire and The Humber
HU9,Yorkshire and The Humber
HX1,Yorkshire and The Humber
HX2,Yorkshire and The Humber
HX3,Yorkshire and The Humber
HX4,Yorkshire and The Humber
HX5,Yorkshire and The Humber
HX6,Yorkshire and The Humber
HX7,Yorkshire and The Humber
IG10,East of England
IG11,London
IG7,East of England
IG8,East of England
IG9,East of England
IP20,East of England
IP21,East of England
IP22,East of England
IP23,East of England
IP24,East of England
IP25,East of England
IP26,East of England
IP27,East of England
IP28,East of England
IP98,East of England
IV1,Scotland
IV10,Scotland
IV11,Scotland
IV12,Scotland
IV13,Scotland
IV14,Scotland
IV15,Scotland
IV16,Scotland
IV17,Scotland
IV18,Scotland
IV19,Scotland
IV2,Scotland
IV20,Scotland
IV21,Scotland
IV22,Scotland
IV23,Scotland
IV24,Scotland
IV25,Scotland
IV26,Scotland
IV27,Scotland
IV28,Scotland
IV3,Scotland
IV30,Scotland
IV31,Scotland
IV32,Scotland
IV36,Scotland
IV4,Scotland
IV40,Scotland
IV41,Scotland
IV42,Scotland
IV43,Scotland
IV44,Scotland
IV45,Scotland
IV46,Scotland
IV47,Scotland
IV48,Scotland
IV49,Scotland
IV5,Scotland
IV51,Scotland
IV52,Scotland
IV53,Scotland
IV54,Scotland
IV55,Scotland
IV56,Scotland
IV6,Scotland
IV63,Scotland
IV7,Scotland
IV8,Scotland
IV9,Scotland
IV99,Scotland
KA1,Scotland
KA10,Scotland
KA11,Scotland
KA12,Scotland
KA13,Scotland
KA14,Scotland
KA15,Scotland
KA16,Scotland
KA17,Scotland
KA18,Scotland
KA19,Scotland
KA2,Scotland
KA20,Scotland
KA21,Scotland
KA22,Scotland
KA23,Scotland
KA24,Scotland
KA25,Scotland
KA26,Scotland
KA27,Scotland
KA28,Scotland
KA29,Scotland
KA3,Scotland
KA30,Scotland
KA4,Scotland
KA5,Scotland
KA6,Scotland
KA7,Scotland
KA8,Scotland
KA9,Scotland
KT10,South East (England)
KT11,South East (England)
KT12,South East (England)
KT13,South East (England)
KT14,South East (England)
KT15,South East (England)
KT16,South East (England)
KT17,South East (England)
KT18,South East (England)
KT19,South East (England)
KT20,South East (England)
KT21,South East (England)
KT22,South East (England)
KT23,South East (England)
KT24,South East (England)
KT4,South East (England)
KT6,South East (England)
KT7,South East (England)
KT8,South East (England)
KT9,South East (England)
KW1,Scotland
KW10,Scotland
KW11,Scotland
KW12,Scotland
KW13,Scotland
KW14,Scotland
KW15,Scotland
KW16,Scotland
KW17,Scotland
KW2,Scotland
KW3,Scotland
KW5,Scotland
KW6,Scotland
KW7,Scotland
KW8,Scotland
KW9,Scotland
KY1,Scotland
KY10,Scotland
KY11,Scotland
KY12,Scotland
KY13,Scotland
KY14,Scotland
KY15,Scotland
KY16,Scotland
KY2,Scotland
KY3,Scotland
KY4,Scotland
KY5,Scotland
KY6,Scotland
KY7,Scotland
KY8,Scotland
KY9,Scotland
KY99,Scotland
L1,North West (England)
L10,North West (England)
L11,North West (England)
L12,North West (England)
L13,North West (England)
L14,North West (England)
L15,North West (England)
L16,North West (England)
L17,North West (England)
L18,North West (England)
L19,North West (England)
L2,North West (England)
L20,North West (England)
L21,North West (England)
L22,North West (England)
L23,North West (England)
L24,North West (England)
L25,North West (England)
L26,North West (England)
L27,North West (England)
L28,North West (England)
L29,North West (England)
L3,North West (England)
L30,North West (England)
L31,North West (England)
L32,North West (England)
L33,North West (England)
L34,North West (England)
L35,North West (England)
L36,North West (England)
L37,North West (England)
L38,North West (England)
L39,North West (England)
L4,North West (England)
L40,North West (England)
L5,North West (England)
L6,North West (England)
L67,North West (England)
L68,North West (England)
L69,North West (England)
L7,North West (England)
L70,North West (England)
L71,North West (England)
L72,North West (England)
L74,North West (England)
L75,North West (England)
L8,North West (England)
L80,North West (England)
L9,North West (England)
LA10,North West (England)
LA11,North West (England)
LA12,North West (England)
LA13,North West (England)
LA14,North West (England)
LA15,North West (England)
LA16,North West (England)
LA17,North West (England)
LA18,North West (England)
LA19,North West (England)
LA2,Yorkshire and The Humber
LA20,North West (England)
LA21,North West (England)
LA22,North West (England)
LA23,North West (England)
LA5,North West (England)
LA6,North West (England)
LA7,North West (England)
LA8,North West (England)
LA9,North West (England)
LD7,West Midlands (England)
LD8,West Midlands (England)
LE1,East Midlands (England)
LE10,East Midlands (England)
LE11,East Midlands (England)
LE12,East Midlands (England)
LE13,East Midlands (England)
LE14,East Midlands (England)
LE15,East Midlands (England)
LE16,East Midlands (England)
LE17,East Midlands (England)
LE18,East Midlands (England)
LE19,East Midlands (England)
LE2,East Midlands (England)
LE21,East Midlands (England)
LE3,East Midlands (England)
LE4,East Midlands (England)
LE41,East Midlands (England)
LE5,East Midlands (England)
LE55,East Midlands (England)
LE6,East Midlands (England)
LE65,East Midlands (England)
LE67,East Midlands (England)
LE7,East Midlands (England)
LE8,East Midlands (England)
LE87,East Midlands (England)
LE9,East Midlands (England)
LE94,East Midlands (England)
LE95,East Midlands (England)
LL11,Wales
LL14,West Midlands (England)
LL15,Wales
LL16,Wales
LL17,Wales
LL18,Wales
LL19,Wales
LL20,Wales
LL21,Wales
LL22,Wales
LL23,Wales
LL24,Wales
LL25,Wales
LL26,Wales
LL27,Wales
LL28,Wales
LL29,Wales
LL30,Wales
LL31,Wales
LL32,Wales
LL33,Wales
LL34,Wales
LL35,Wales
LL36,Wales
LL37,Wales
LL38,Wales
LL39,Wales
LL40,Wales
LL41,Wales
LL42,Wales
LL43,Wales
LL44,Wales
LL45,Wales
LL46,Wales
LL47,Wales
LL48,Wales
LL49,Wales
LL51,Wales
LL52,Wales
LL53,Wales
LL54,Wales
LL55,Wales
LL56,Wales
LL57,Wales
LL59,Wales
LN1,East Midlands (England)
LN10,East Midlands (England)
LN11,East Midlands (England)
LN12,East Midlands (England)
LN13,East Midlands (England)
LN2,East Midlands (England)
LN3,East Midlands (England)
LN4,East Midlands (England)
LN5,East Midlands (England)
LN6,East Midlands (England)
LN7,Yorkshire and The Humber
LN8,Yorkshire and The Humber
LN9,East Midlands (England)
LS17,Yorkshire and The Humber
LS19,Yorkshire and The Humber
LS20,Yorkshire and The Humber
LS21,Yorkshire and The Humber
LS22,Yorkshire and The Humber
LS24,Yorkshire and The Humber
LS25,Yorkshire and The Humber
LS28,Yorkshire and The Humber
LS29,Yorkshire and The Humber
LU1,East of England
LU2,East of England
LU3,East of England
LU4,East of England
LU5,East of England
LU6,East of England
LU7,East of England
M1,North West (England)
M11,North West (England)
M12,North West (England)
M13,North West (England)
M14,North West (England)
M15,North West (England)
M16,North West (England)
M17,North West (England)
M18,North West (England)
M19,North West (England)
M2,North West (England)
M20,North West (England)
M21,North West (England)
M22,North West (England)
M23,North West (England)
M24,North West (England)
M25,North West (England)
M26,North West (England)
M27,North West (England)
M28,North West (England)
M29,North West (England)
M3,North West (England)
M30,North West (England)
M31,North West (England)
M32,North West (England)
M33,North West (England)
M34,North West (England)
M35,North West (England)
M38,North West (England)
M4,North West (England)
M40,North West (England)
M41,North West (England)
M43,North West (England)
M44,North West (England)
M45,North West (England)
M46,North West (England)
M5,North West (England)
M50,North West (England)
M6,North West (England)
M60,North West (England)
M61,North West (England)
M7,North West (England)
M8,North West (England)
M9,North West (England)
M90,North West (England)
M99,North West (England)
ME1,South East (England)
ME13,South East (England)
ME14,South East (England)
ME15,South East (England)
ME16,South East (England)
ME17,South East (England)
ME18,South East (England)
ME2,South East (England)
ME20,South East (England)
ME3,South East (England)
ME4,South East (England)
ME5,South East (England)
ME7,South East (England)
ME8,South East (England)
ME9,South East (England)
ME99,South East (England)
MK17,East of England
MK18,South East (England)
MK19,South East (England)
MK2,South East (England)
MK3,South East (England)
MK43,East of England
MK44,East of England
MK45,East of England
ML1,Scotland
ML10,Scotland
ML11,Scotland
ML12,Scotland
ML2,Scotland
ML3,Scotland
ML4,Scotland
ML5,Scotland
ML6,Scotland
ML7,Scotland
ML8,Scotland
ML9,Scotland
N1,London
N11,London
N13,London
N14,London
N15,London
N16,London
N17,London
N18,London
N19,London
N1C,London
N21,London
N22,London
N4,London
N5,London
N6,London
N7,London
N8,London
N81,London
N9,London
NE1,North East (England)
NE10,North East (England)
NE11,North East (England)
NE12,North East (England)
NE13,North East (England)
NE15,North East (England)
NE16,North East (England)
NE17,North East (England)
NE18,North East (England)
NE19,North East (England)
NE2,North East (England)
NE20,North East (England)
NE21,North East (England)
NE22,North East (England)
NE23,North East (England)
NE24,North East (England)
NE25,North East (England)
NE26,North East (England)
NE27,North East (England)
NE28,North East (England)
NE29,North East (England)
NE3,North East (England)
NE30,North East (England)
NE31,North East (England)
NE32,North East (England)
NE33,North East (England)
NE34,North East (England)
NE35,North East (England)
NE36,North East (England)
NE37,North East (England)
NE38,North East (England)
NE39,North East (England)
NE4,North East (England)
NE40,North East (England)
NE41,North East (England)
NE42,North East (England)
NE43,North East (England)
NE44,North East (England)
NE45,North East (England)
NE46,North East (England)
NE47,North East (England)
NE48,North East (England)
NE49,North East (England)
NE5,North East (England)
NE6,North East (England)
NE61,North East (England)
NE62,North East (England)
NE63,North East (England)
NE64,North East (England)
NE65,North East (England)
NE66,North East (England)
NE67,North East (England)
NE68,North East (England)
NE69,North East (England)
NE7,North East (England)
NE70,North East (England)
NE71,North East (England)
NE8,North East (England)
NE82,North East (England)
NE83,North East (England)
NE85,North East (England)
NE88,North East (England)
NE9,North East (England)
NE92,North East (England)
NE98,North East (England)
NE99,North East (England)
NG10,East Midlands (England)
NG12,East Midlands (England)
NG13,East Midlands (England)
NG14,East Midlands (England)
NG15,East Midlands (England)
NG16,East Midlands (England)
NG17,East Midlands (England)
NG18,East Midlands (England)
NG19,East Midlands (England)
NG20,East Midlands (England)
NG21,East Midlands (England)
NG22,East Midlands (England)
NG23,East Midlands (England)
NG24,East Midlands (England)
NG25,East Midlands (England)
NG31,East Midlands (England)
NG32,East Midlands (England)
NG33,East Midlands (England)
NG34,East Midlands (England)
NG6,East Midlands (England)
NN10,East Midlands (England)
NN11,West Midlands (England)
NN12,South East (England)
NN13,South East (England)
NN14,East Midlands (England)
NN15,East Midlands (England)
NN16,East Midlands (England)
NN17,East Midlands (England)
NN18,East Midlands (England)
NN29,East Midlands (England)
NN3,East Midlands (England)
NN6,East Midlands (England)
NN7,East Midlands (England)
NN8,East Midlands (England)
NN9,East Midlands (England)
NP10,Wales
NP11,Wales
NP12,Wales
NP13,Wales
NP15,Wales
NP16,Wales
NP18,Wales
NP19,Wales
NP20,Wales
NP22,Wales
NP23,Wales
NP24,Wales
NP25,Wales
NP26,Wales
NP4,Wales
NP44,Wales
NP7,Wales
NP8,Wales
NR1,East of England
NR10,East of England
NR11,East of England
NR12,East of England
NR13,East of England
NR14,East of England
NR15,East of England
NR16,East of England
NR17,East of England
NR18,East of England
NR19,East of England
NR2,East of England
NR20,East of England
NR21,East of England
NR22,East of England
NR23,East of England
NR24,East of England
NR25,East of England
NR26,East of England
NR27,East of England
NR28,East of England
NR29,East of England
NR3,East of England
NR30,East of England
NR31,East of England
NR34,East of England
NR35,East of England
NR4,East of England
NR5,East of England
NR6,East of England
NR7,East of England
NR8,East of England
NR9,East of England
NR99,East of England
NW1,London
NW10,London
NW1W,London
NW2,London
NW26,London
NW3,London
NW5,London
NW6,London
NW8,London
NW9,London
OL1,North West (England)
OL10,North West (England)
OL11,North West (England)
OL12,North West (England)
OL13,North West (England)
OL14,North West (England)
OL15,North West (England)
OL16,North West (England)
OL2,North West (England)
OL3,North West (England)
OL4,North West (England)
OL5,North West (England)
OL6,North West (England)
OL7,North West (England)
OL8,North West (England)
OL9,North West (England)
OL95,North West (England)
OX1,South East (England)
OX10,South East (England)
OX11,South East (England)
OX12,South East (England)
OX13,South East (England)
OX14,South East (England)
OX15,South East (England)
OX16,South East (England)
OX17,South East (England)
OX18,South East (England)
OX2,South East (England)
OX20,South East (England)
OX25,South East (England)
OX26,South East (England)
OX27,South East (England)
OX28,South East (England)
OX29,South East (England)
OX3,South East (England)
OX33,South East (England)
OX39,South East (England)
OX4,South East (England)
OX44,South East (England)
OX49,South East (England)
OX5,South East (England)
OX7,South East (England)
OX9,South East (England)
PA1,Scotland
PA10,Scotland
PA11,Scotland
PA12,Scotland
PA13,Scotland
PA14,Scotland
PA15,Scotland
PA16,Scotland
PA17,Scotland
PA18,Scotland
PA19,Scotland
PA2,Scotland
PA20,Scotland
PA21,Scotland
PA22,Scotland
PA23,Scotland
PA24,Scotland
PA25,Scotland
PA26,Scotland
PA27,Scotland
PA28,Scotland
PA29,Scotland
PA3,Scotland
PA30,Scotland
PA31,Scotland
PA32,Scotland
PA33,Scotland
PA34,Scotland
PA35,Scotland
PA36,Scotland
PA37,Scotland
PA38,Scotland
PA4,Scotland
PA41,Scotland
PA42,Scotland
PA43,Scotland
PA44,Scotland
PA45,Scotland
PA46,Scotland
PA47,Scotland
PA48,Scotland
PA49,Scotland
PA5,Scotland
PA6,Scotland
PA60,Scotland
PA61,Scotland
PA62,Scotland
PA63,Scotland
PA64,Scotland
PA65,Scotland
PA66,Scotland
PA67,Scotland
PA68,Scotland
PA69,Scotland
PA7,Scotland
PA70,Scotland
PA71,Scotland
PA72,Scotland
PA73,Scotland
PA74,Scotland
PA75,Scotland
PA76,Scotland
PA77,Scotland
PA78,Scotland
PA8,Scotland
PA80,Scotland
PA9,Scotland
PE1,East of England
PE10,East Midlands (England)
PE11,East Midlands (England)
PE12,East of England
PE13,East of England
PE14,East of England
PE15,East of England
PE16,East of England
PE19,East of England
PE2,East of England
PE20,East Midlands (England)
PE21,East Midlands (England)
PE22,East Midlands (England)
PE23,East Midlands (England)
PE24,East Midlands (England)
PE25,East Midlands (England)
PE26,East of England
PE27,East of England
PE28,East of England
PE29,East of England
PE3,East of England
PE30,East of England
PE31,East of England
PE32,East of England
PE33,East of England
PE34,East Midlands (England)
PE35,East of England
PE36,East of England
PE37,East of England
PE38,East of England
PE4,East of England
PE5,East of England
PE6,East of England
PE7,East of England
PE8,East of England
PE9,East of England
PH1,Scotland
PH10,Scotland
PH11,Scotland
PH12,Scotland
PH13,Scotland
PH14,Scotland
PH15,Scotland
PH16,Scotland
PH17,Scotland
PH18,Scotland
PH19,Scotland
PH2,Scotland
PH20,Scotland
PH21,Scotland
PH22,Scotland
PH23,Scotland
PH24,Scotland
PH25,Scotland
PH26,Scotland
PH3,Scotland
PH30,Scotland
PH31,Scotland
PH32,Scotland
PH33,Scotland
PH34,Scotland
PH35,Scotland
PH36,Scotland
PH37,Scotland
PH38,Scotland
PH39,Scotland
PH4,Scotland
PH40,Scotland
PH41,Scotland
PH42,Scotland
PH43,Scotland
PH44,Scotland
PH49,Scotland
PH5,Scotland
PH50,Scotland
PH6,Scotland
PH7,Scotland
PH8,Scotland
PH9,Scotland
PL1,South West (England)
PL2,South West (England)
PL3,South West (England)
PL4,South West (England)
PL5,South West (England)
PL6,South West (England)
PL7,South West (England)
PL9,South West (England)
PL95,South West (England)
PO15,South East (England)
PO17,South East (England)
PO7,South East (England)
PO8,South East (England)
PO9,South East (England)
PR0,North West (England)
PR1,North West (England)
PR11,North West (England)
PR2,North West (England)
PR25,North West (England)
PR26,North West (England)
PR3,North West (England)
PR4,North West (England)
PR5,North West (England)
PR6,North West (England)
PR7,North West (England)
PR8,North West (England)
PR9,North West (England)
RG17,South East (England)
RG19,South East (England)
RG20,South East (England)
RG21,South East (England)
RG22,South East (England)
RG23,South East (England)
RG24,South East (England)
RG25,South East (England)
RG26,South East (England)
RG27,South East (England)
RG28,South East (England)
RG29,South East (England)
RG4,South East (England)
RG7,South East (England)
RG8,South East (England)
RG9,South East (England)
RH1,South East (England)
RH10,South East (England)
RH11,South East (England)
RH12,South East (England)
RH13,South East (England)
RH14,South East (England)
RH15,South East (England)
RH16,South East (England)
RH17,South East (England)
RH18,South East (England)
RH19,South East (England)
RH2,South East (England)
RH20,South East (England)
RH3,South East (England)
RH4,South East (England)
RH5,South East (England)
RH6,South East (England)
RH7,South East (England)
RH77,South East (England)
RH8,South East (England)
RH9,South East (England)
RM1,London
RM10,London
RM11,London
RM12,London
RM13,London
RM14,London
RM15,London
RM16,East of England
RM17,East of England
RM18,East of England
RM19,East of England
RM2,London
RM20,East of England
RM3,London
RM4,London
RM5,London
RM6,London
RM7,London
RM8,London
RM9,London
S1,Yorkshire and The Humber
S10,Yorkshire and The Humber
S11,Yorkshire and The Humber
S12,Yorkshire and The Humber
S13,Yorkshire and The Humber
S14,Yorkshire and The Humber
S17,Yorkshire and The Humber
S18,East Midlands (England)
S2,Yorkshire and The Humber
S20,Yorkshire and The Humber
S21,East Midlands (England)
S3,Yorkshire and The Humber
S35,Yorkshire and The Humber
S36,Yorkshire and The Humber
S4,Yorkshire and The Humber
S40,East Midlands (England)
S41,East Midlands (England)
S42,East Midlands (England)
S43,East Midlands (England)
S44,East Midlands (England)
S45,East Midlands (England)
S49,East Midlands (England)
S5,Yorkshire and The Humber
S6,Yorkshire and The Humber
S60,Yorkshire and The Humber
S61,Yorkshire and The Humber
S7,Yorkshire and The Humber
S8,Yorkshire and The Humber
S80,East Midlands (England)
S81,East Midlands (England)
S9,Yorkshire and The Humber
S95,Yorkshire and The Humber
S96,Yorkshire and The Humber
S97,Yorkshire and The Humber
S98,Yorkshire and The Humber
S99,Yorkshire and The Humber
SA1,Wales
SA10,Wales
SA11,Wales
SA12,Wales
SA13,Wales
SA14,Wales
SA15,Wales
SA16,Wales
SA17,Wales
SA18,Wales
SA19,Wales
SA2,Wales
SA20,Wales
SA3,Wales
SA31,Wales
SA32,Wales
SA33,Wales
SA34,Wales
SA35,Wales
SA36,Wales
SA37,Wales
SA38,Wales
SA39,Wales
SA4,Wales
SA40,Wales
SA41,Wales
SA42,Wales
SA43,Wales
SA44,Wales
SA45,Wales
SA46,Wales
SA47,Wales
SA48,Wales
SA5,Wales
SA6,Wales
SA61,Wales
SA62,Wales
SA63,Wales
SA64,Wales
SA65,Wales
SA66,Wales
SA67,Wales
SA68,Wales
SA69,Wales
SA7,Wales
SA70,Wales
SA71,Wales
SA72,Wales
SA73,Wales
SA8,Wales
SA80,Wales
SA9,Wales
SA99,Wales
SE1,London
SE10,London
SE11,London
SE12,London
SE13,London
SE14,London
SE15,London
SE16,London
SE17,London
SE18,London
SE19,London
SE1P,London
SE2,London
SE20,London
SE21,London
SE22,London
SE23,London
SE24,London
SE25,London
SE26,London
SE27,London
SE28,London
SE3,London
SE4,London
SE5,London
SE6,London
SE7,London
SE8,London
SE9,London
SG1,East of England
SG10,East of England
SG11,East of England
SG12,East of England
SG13,East of England
SG14,East of England
SG15,East of England
SG16,East of England
SG17,East of England
SG18,East of England
SG19,East of England
SG2,East of England
SG3,East of England
SG4,East of England
SG5,East of England
SG6,East of England
SG7,East of England
SG8,East of England
SG9,East of England
SK1,North West (England)
SK11,West Midlands (England)
SK12,North West (England)
SK13,North West (England)
SK14,North West (England)
SK15,North West (England)
SK16,North West (England)
SK17,West Midlands (England)
SK2,North West (England)
SK22,North West (England)
SK3,North West (England)
SK4,North West (England)
SK5,North West (England)
SK6,North West (England)
SK7,North West (England)
SK8,North West (England)
SL0,South East (England)
SL1,South East (England)
SL2,South East (England)
SL3,South East (England)
SL4,South East (England)
SL5,South East (England)
SL6,South East (England)
SL7,South East (England)
SL8,South East (England)
SL9,South East (England)
SM2,South East (England)
SM3,South East (England)
SM7,South East (England)
SN1,South West (England)
SN10,South West (England)
SN11,South West (England)
SN12,South West (England)
SN13,South West (England)
SN14,South West (England)
SN15,South West (England)
SN16,South West (England)
SN2,South West (England)
SN25,South West (England)
SN26,South West (England)
SN3,South West (England)
SN38,South West (England)
SN4,South West (England)
SN5,South West (England)
SN6,South East (England)
SN7,South East (England)
SN8,South West (England)
SN9,South West (England)
SN99,South West (England)
SO14,South East (England)
SO15,South East (England)
SO16,South East (England)
SO17,South East (England)
SO18,South East (England)
SO19,South East (England)
SO20,South East (England)
SO21,South East (England)
SO22,South East (England)
SO23,South East (England)
SO24,South East (England)
SO25,South East (England)
SO30,South East (England)
SO32,South East (England)
SO40,South East (England)
SO41,South East (England)
SO42,South East (England)
SO43,South East (England)
SO45,South East (England)
SO50,South East (England)
SO51,South East (England)
SO52,South East (England)
SO53,South East (England)
SP1,South West (England)
SP10,South East (England)
SP11,South East (England)
SP2,South West (England)
SP3,South West (England)
SP4,South East (England)
SP5,South East (England)
SP6,South East (England)
SP7,South West (England)
SP8,South West (England)
SP9,South East (England)
SR1,North East (England)
SR2,North East (England)
SR3,North East (England)
SR4,North East (England)
SR5,North East (England)
SR6,North East (England)
SR7,North East (England)
SR8,North East (England)
SS0,East of England
SS1,East of England
SS11,East of England
SS16,East of England
SS17,East of England
SS2,East of England
SS22,East of England
SS3,East of England
SS9,East of England
SS99,East of England
ST10,West Midlands (England)
ST11,West Midlands (England)
ST12,West Midlands (England)
ST13,West Midlands (England)
ST14,West Midlands (England)
ST15,West Midlands (England)
ST16,West Midlands (England)
ST17,West Midlands (England)
ST18,West Midlands (England)
ST19,West Midlands (England)
ST2,West Midlands (England)
ST20,West Midlands (England)
ST21,West Midlands (England)
ST3,West Midlands (England)
ST4,West Midlands (England)
ST5,West Midlands (England)
ST55,West Midlands (England)
ST6,West Midlands (England)
ST7,West Midlands (England)
ST8,West Midlands (England)
ST9,West Midlands (England)
SW10,London
SW11,London
SW12,London
SW15,London
SW16,London
SW17,London
SW18,London
SW19,London
SW1A,London
SW1E,London
SW1H,London
SW1P,London
SW1V,London
SW1W,London
SW1X,London
SW1Y,London
SW2,London
SW3,London
SW4,London
SW5,London
SW6,London
SW7,London
SW8,London
SW9,London
SW95,London
SY1,West Midlands (England)
SY10,West Midlands (England)
SY11,West Midlands (England)
SY12,West Midlands (England)
SY13,North West (England)
SY14,North West (England)
SY15,West Midlands (England)
SY2,West Midlands (England)
SY20,Wales
SY21,West Midlands (England)
SY22,West Midlands (England)
SY23,Wales
SY24,Wales
SY25,Wales
SY3,West Midlands (England)
SY4,West Midlands (England)
SY5,West Midlands (England)
SY6,West Midlands (England)
SY7,West Midlands (England)
SY8,West Midlands (England)
SY9,West Midlands (England)
SY99,West Midlands (England)
TA1,South West (England)
TA10,South West (England)
TA11,South West (England)
TA12,South West (England)
TA13,South West (England)
TA14,South West (England)
TA15,South West (England)
TA16,South West (England)
TA17,South West (England)
TA18,South West (England)
TA19,South West (England)
TA2,South West (England)
TA20,South West (England)
TA21,South West (England)
TA22,South West (England)
TA23,South West (England)
TA24,South West (England)
TA3,South West (England)
TA4,South West (England)
TA5,South West (England)
TA6,South West (England)
TA7,South West (England)
TA8,South West (England)
TA9,South West (England)
TD11,Scotland
TD12,North East (England)
TD13,Scotland
TD15,North East (England)
TD5,North East (England)
TD9,North West (England)
TF10,West Midlands (England)
TF11,West Midlands (England)
TF12,West Midlands (England)
TF13,West Midlands (England)
TF2,West Midlands (England)
TF6,West Midlands (England)
TF8,West Midlands (England)
TF9,West Midlands (England)
TN12,South East (England)
TN14,London
TN16,South East (England)
TN17,South East (England)
TN18,South East (England)
TN19,South East (England)
TN2,South East (England)
TN20,South East (England)
TN21,South East (England)
TN22,South East (England)
TN23,South East (England)
TN24,South East (England)
TN25,South East (England)
TN26,South East (England)
TN27,South East (England)
TN3,South East (England)
TN30,South East (England)
TN31,South East (England)
TN32,South East (England)
TN33,South East (England)
TN34,South East (England)
TN35,South East (England)
TN36,South East (England)
TN37,South East (England)
TN38,South East (England)
TN39,South East (England)
TN40,South East (England)
TN5,South East (England)
TN6,South East (England)
TN7,South East (England)
TN8,South East (England)
TQ1,South West (England)
TQ12,South West (England)
TQ2,South West (England)
TQ3,South West (England)
TQ4,South West (England)
TQ5,South West (England)
TS1,North East (England)
TS10,North East (England)
TS11,North East (England)
TS12,North East (England)
TS13,North East (England)
TS14,North East (England)
TS15,North East (England)
TS16,North East (England)
TS17,North East (England)
TS18,North East (England)
TS19,North East (England)
TS2,North East (England)
TS20,North East (England)
TS21,North East (England)
TS22,North East (England)
TS23,North East (England)
TS24,North East (England)
TS25,North East (England)
TS26,North East (England)
TS27,North East (England)
TS28,North East (England)
TS29,North East (England)
TS3,North East (England)
TS4,North East (England)
TS5,North East (England)
TS6,North East (England)
TS7,North East (England)
TS8,North East (England)
TS9,North East (England)
TW12,South East (England)
TW14,South East (England)
TW15,South East (England)
TW16,South East (England)
TW17,South East (England)
TW18,South East (England)
TW19,South East (England)
TW20,South East (England)
TW5,London
TW6,South East (England)
TW8,London
UB1,London
UB10,London
UB11,London
UB18,London
UB2,London
UB3,London
UB4,London
UB5,London
UB6,London
UB7,London
UB8,South East (England)
UB9,South East (England)
W10,London
W11,London
W12,London
W13,London
W14,London
W1A,London
W1B,London
W1C,London
W1D,London
W1F,London
W1G,London
W1H,London
W1J,London
W1K,London
W1S,London
W1T,London
W1U,London
W1W,London
W2,London
W3,London
W4,London
W5,London
W6,London
W7,London
W8,London
W9,London
WA1,North West (England)
WA10,North West (England)
WA11,North West (England)
WA12,North West (England)
WA13,North West (England)
WA14,North West (England)
WA15,North West (England)
WA16,North West (England)
WA2,North West (England)
WA3,North West (England)
WA4,North West (England)
WA5,North West (England)
WA55,North West (England)
WA6,North West (England)
WA7,North West (England)
WA8,North West (England)
WA88,North West (England)
WA9,North West (England)
WC1A,London
WC1B,London
WC1E,London
WC1H,London
WC1N,London
WC1R,London
WC1V,London
WC1X,London
WC2A,London
WC2B,London
WC2E,London
WC2H,London
WC2N,London
WC2R,London
WD17,East of England
WD18,East of England
WD19,East of England
WD23,London
WD24,East of England
WD25,East of England
WD3,South East (England)
WD4,East of England
WD5,East of England
WD6,East of England
WD7,East of England
WD99,East of England
WF11,Yorkshire and The Humber
WF12,Yorkshire and The Humber
WF13,Yorkshire and The Humber
WF14,Yorkshire and The Humber
WF15,Yorkshire and The Humber
WF16,Yorkshire and The Humber
WF17,Yorkshire and The Humber
WF3,Yorkshire and The Humber
WF4,Yorkshire and The Humber
WF5,Yorkshire and The Humber
WF8,Yorkshire and The Humber
WN1,North West (England)
WN2,North West (England)
WN3,North West (England)
WN4,North West (England)
WN5,North West (England)
WN6,North West (England)
WN7,North West (England)
WN8,North West (England)
WR11,South West (England)
WR12,South West (England)
WR13,West Midlands (England)
WR14,West Midlands (England)
WR15,West Midlands (England)
WR6,West Midlands (England)
WR8,South West (England)
WS1,West Midlands (England)
WS10,West Midlands (England)
WS11,West Midlands (England)
WS12,West Midlands (England)
WS13,West Midlands (England)
WS14,West Midlands (England)
WS15,West Midlands (England)
WS2,West Midlands (England)
WS3,West Midlands (England)
WS4,West Midlands (England)
WS5,West Midlands (England)
WS6,West Midlands (England)
WS7,West Midlands (England)
WS8,West Midlands (England)
WS9,West Midlands (England)
WV1,West Midlands (England)
WV10,West Midlands (England)
WV11,West Midlands (England)
WV12,West Midlands (England)
WV13,West Midlands (England)
WV14,West Midlands (England)
WV15,West Midlands (England)
WV16,West Midlands (England)
WV2,West Midlands (England)
WV3,West Midlands (England)
WV4,West Midlands (England)
WV5,West Midlands (England)
WV6,West Midlands (England)
WV7,West Midlands (England)
WV8,West Midlands (England)
WV9,West Midlands (England)
WV98,West Midlands (England)
YO1,Yorkshire and The Humber
YO10,Yorkshire and The Humber
YO11,Yorkshire and The Humber
YO12,Yorkshire and The Humber
YO13,Yorkshire and The Humber
YO14,Yorkshire and The Humber
YO17,Yorkshire and The Humber
YO18,Yorkshire and The Humber
YO19,Yorkshire and The Humber
YO21,Yorkshire and The Humber
YO22,Yorkshire and The Humber
YO23,Yorkshire and The Humber
YO24,Yorkshire and The Humber
YO25,Yorkshire and The Humber
YO26,Yorkshire and The Humber
YO30,Yorkshire and The Humber
YO31,Yorkshire and The Humber
YO32,Yorkshire and The Humber
YO41,Yorkshire and The Humber
YO51,Yorkshire and The Humber
YO60,Yorkshire and The Humber
YO61,Yorkshire and The Humber
YO62,Yorkshire and The Humber
YO7,Yorkshire and The Humber
YO8,Yorkshire and The Humber
YO90,Yorkshire and The Humber
TW2,London
WF1,Yorkshire and The Humber
IP9,East of England
NN4,East Midlands (England)
BT22,Northern Ireland
IG2,London
ME6,South East (England)
MK7,South East (England)
RG1,South East (England)
LS9,Yorkshire and the Humber
CT14,South East (England)
RG12,South East (England)
NG7,East Midlands (England)
TR7,South West (England)
LA1,North West (England)
IP4,East of England
TR18,South West (England)
MK40,East of England
SM5,London
LS13,Yorkshire and The Humber
E10,London
CT10,South East (England)
NW4,London
RG18,South East (England)
BT41,Northern Ireland
RG6,South East (England)
DN4,Yorkshire and The Humber
WR7,West Midlands (England)
EX6,South West (England)
TW3,London
RG40,South East (England)
SS7,East of England
LS6,Yorkshire and The Humber
SK10,North West (England)
BT5,Northern Ireland
NG5,East Midlands (England)
NG4,East Midlands (England)
WR9,West Midlands (England)
DA12,South East (England)
LS16,Yorkshire and The Humber
BT66,Northern Ireland
S66,Yorkshire and The Humber
TW1,London
N2,London
DA11,South East (England)
N12,London
BT39,Northern Ireland
PO22,South East (England)
TN9,South East (England)
LS15,Yorkshire and The Humber
IG1,London
MK8,East Midlands (England)
SW20,London
WR5,West Midlands (England)
KT5,London
MK46,East Midlands (England)
S70,Yorkshire and The Humber
IP30,East of England
PO16,South East (England)
LS12,Yorkshire and The Humber
PO30,South East (England)
N10,London
CT2,South East (England)
TF5,West Midlands (England)
LS18,Yorkshire and The Humber
LS8,Yorkshire and The Humber
BT32,Northern Ireland
BT9,Northern Ireland
TF4,West Midlands (England)
DN5,Yorkshire and The Humber
RG10,South East (England)
E17,London
BT78,Northern Ireland
MK4,East Midlands (England)
EX5,South West (England)
EX4,South West (England)
TW4,London
TN11,South East (England)
KT3,London
SM4,London
BT8,Northern Ireland
MK5,East Midlands (England)
LS2,Yorkshire and The Humber
SS5,East of England
EX1,South West (England)
TQ14,South West (England)
MK42,East of England
KT2,London
RG41,South East (England)
NW7,London
PO1,South East (England)
IG4,London
TW11,London
BN11,South East (England)
TR1,South West (England)
NG9,East Midlands (England)
SM6,London
CH5,Wales
TQ8,South West (England)
TW9,London
BT30,Northern Ireland
PL25,South West (England)
CW11,West Midlands (England)
E18,London
BT11,Northern Ireland
NG3,East Midlands (England)
TD6,Scotland
N3,London
PL20,South West (England)
E11,London
RG42,South East (England)
GY3,Channel Islands
DE21,East Midlands (England)
IP31,East of England
TQ6,South West (England)
IP2,East of England
WF6,Yorkshire and The Humber
DE7,East Midlands (England)
EX23,South West (England)
PO36,South East (England)
PO2,South East (England)
IG3,London
BT36,Northern Ireland
IP7,East of England
WR3,West Midlands (England)
TQ9,South West (England)
BT53,Northern Ireland
TW7,London
PO37,South East (England)
MK41,East of England
CT13,South East (England)
SW13,London
IP5,East of England
PL14,South East (England)
BT15,Northern Ireland
B61,West Midlands (England)
LS10,Yorkshire and The Humber
BT38,Northern Ireland
TF1,West Midlands (England)
BN16,South East (England)
ZE1,Scotland
NG11,East Midlands (England)
MK15,East of England
SK9,North West (England)
CT1,South East (England)
EX8,South West (England)
MK16,East of England
LS7,Yorkshire and The Humber
N20,London
YO42,Yorkshire and The Humber
TN1,South East (England)
CT8,South East (England)
IP11,East of England
CT19,South East (England)
PO14,South East (England)
TN13,South East (England)
MK10,East of England
BT23,Northern Ireland
SO31,South East (England)
KT1,London
TW10,London
SM1,London
WR1,West Midlands (England)
DE22,East Midlands (England)
B60,West Midlands (England)
PL21,South West (England)
NG2,East Midlands (England)
BT6,Northern Ireland
IP1,East Midlands (England)
CT7,South East (England)
SS15,East of England
BT7,Northern Ireland
BT80,Northern Ireland
SS12,East of England
PL30,South West (England)
HU17,Yorkshire and The Humber
NW11,London
BT82,Northern Ireland
TR3,South West (England)
IP3,East of England
S73,Yorkshire and The Humber
LS26,Yorkshire and The Humber
EX12,South West (England)
PO38,South East (England)
MK12,East of England
DY13,West Midlands (England)
DA2,South East (England)
GU28,South East (England)
RG45,South East (England)
LD3,Wales
LS27,Yorkshire and The Humber
CW1,North West (England)
DA10,South East (England)
IG5,London
PO4,South East (England)
PO10,South East (England)
BT42,Northern Ireland
S75,Yorkshire and The Humber
TR27,South West (England)
BT26,Northern Ireland
EX2,South West (England)
LS4,Yorkshire and The Humber
PL19,South West (England)
LS5,Yorkshire and The Humber
CT6,South East (England)
BT51,Northern Ireland
RG14,South West (England)
HU14,Yorkshire and The Humber
SS6,East of England
IP33,East of England
HU15,Yorkshire and The Humber
PL32,South West (England)
LS11,Yorkshire and The Humber
TR10,South West (England)
BT63,Northern Ireland
DE56,East Midlands (England)
BT70,Northern Ireland
WF2,Yorkshire and The Humber
BT93,Northern Ireland
BT13,Northern Ireland
TR14,South West (England)
BT48,Northern Ireland
PO13,South East (England)
CT20,South East (England)
DE65,West Midlands (England)
HU16,Yorkshire and The Humber
GY1,Channel Islands
IP17,East of England
BT20,Northern Ireland
LL13,Wales
EX22,South West (England)
WR4,West Midlands (England)
BT19,Northern Ireland
EX20,South East (England)
BT14,Northern Ireland
TD3,Scotland
SS13,East of England
LD6,Wales
ME10,South East (England)
TR16,South West (England)
YO16,Yorkshire and The Humber
LS1,Yorkshire and The Humber
SS14,East of England
MK6,East of England
S65,Yorkshire and The Humber
PO20,South East (England)
S63,Yorkshire and The Humber
TR2,South West (England)
TR9,South West (England)
ME19,South East (England)
HU19,Yorkshire and The Humber
CT21,South East (England)
HU10,Yorkshire and The Humber
BN12,South East (England)
IM4,Isle of Man
LD2,Wales
PL8,South West (England)
BT43,Northern Ireland
HU20,Yorkshire and The Humber
BT74,Northern Ireland
BN14,South East (England)
EX17,South West (England)
CT17,South West (England)
S26,Yorkshire and The Humber
DA4,South East (England)
DE45,East Midlands (England)
CT18,South East (England)
IP15,East of England
DN7,Yorkshire and The Humber
TW13,London
BT4,Northern Ireland
MK14,South East (England)
PO21,South East (England)
HU18,Yorkshire and The Humber
NG8,East Midlands (England)
BT33,Northern Ireland
IP13,East of England
BT44,Northern Ireland
PO5,South East (England)
BT47,Northern Ireland
ST1,West Midlands (England)
BT24,Northern Ireland
WR2,West Midlands (England)
EX10,South West (England)
NN2,East Midlands (England)
SK23,West Midlands (England)
FY7,North West (England)
CT9,South East (England)
IP29,East of England
BT29,Northern Ireland
CT15,South East (England)
IP6,East of England
TN15,South East (England)
NN1,East Midlands (England)
S72,Yorkshire and The Humber
BT61,Northern Ireland
PO19,South East (England)
NN5,East Midlands (England)
DA3,South East (England)
BT12,Northern Ireland
DE23,East Midlands (England)
TQ13,South West (England)
BN17,South East (England)
TR19,South West (England)
CT5,South East (England)
PO6,South East (England)
BT71,Northern Ireland
TN4,South East (England)
BT37,Northern Ireland
DE24,East Midlands (England)
TQ7,South West (England)
SW14,London
PO12,South East (England)
BT18,Northern Ireland
IG6,London
EX31,South West (England)
PO33,South East (England)
BT10,Northern Ireland
NG1,East Midlands (England)
EX15,South West (England)
RG2,South East (England)
S62,Yorkshire and The Humber
BT79,Northern Ireland
GU47,South East (England)
NR33,East of England
BT25,Northern Ireland
LA4,North West (England)
PO3,South East (England)
BN13,South East (England)
BT17,Northern Ireland
EH44,Scotland
PO11,South East (England)
RG30,South East (England)
IM9,Isle of Man
LS14,Yorkshire and The Humber
BT28,Northern Ireland
DA13,South East (England)
PL12,South West (England)
LS3,Yorkshire and The Humber
BT34,Northern Ireland
PO31,South East (England)
IP32,East of England
CT3,South East (England)
BT64,Northern Ireland
BT54,Northern Ireland
BT16,Northern Ireland
SS8,East of England
BT52,Northern Ireland
LL12,Wales
EX32,South West (England)
CT11,South East (England)
MK9,South East (England)
LA3,North West (England)
NR32,East of England
CT16,South East (England)
S74,Yorkshire and The Humber
TR15,South West (England)
CW5,West Midlands (England)
TR11,South West (England)
SS4,East of England
TF7,West Midlands (England)
GU29,South East (England)
JE2,Channel Islands
BT27,Northern Ireland
BT40,Northern Ireland
MK13,South East (England)
PL15,South West (England)
DE1,East Midlands (England)
IP19,East of England
PO18,South East (England)
CT12,South East (England)
BT65,Northern Ireland
BN15,South East (England)
BT62,Northern Ireland
BT57,Northern Ireland
BT69,Northern Ireland
WR10,West Midlands (England)
BT76,Northern Ireland
PL22,South West (England)
S71,Yorkshire and The Humber
DA9,South East (England)
TD1,Scotland
RG5,South East (England)
DE3,East Midlands (England)
LL65,Wales
S25,Yorkshire and The Humber
RG31,South East (England)
BT67,Northern Ireland
PO40,South East (England)
EX3,South West (England)
DE75,East Midlands (England)
PL26,South West (England)
S32,Yorkshire and The Humber
BT45,Northern Ireland
BT49,Northern Ireland
S64,Yorkshire and The Humber
SY16,Wales
EH45,Scotland
EX39,South West (England)
BT60,Northern Ireland
WF7,Yorkshire and The Humber
MA4,North West (England)
IM2,Isle of Man
EX34,South West (England)
CH6,Wales
IP18,East of England
IP10,East of England
PO39,South East (England)
BT21,Northern Ireland
BT1,Northern Ireland
TF3,West Midlands (England)
LL60,Wales
ME12,South East (England)
DE5,East Midlands (England)
EX7,South West (England)
LL75,Wales
BT46,Northern Ireland
WF9,Yorkshire and The Humber
MK11,South East (England)
TQ10,South West (England)
BT92,Northern Ireland
IP8,East of England
BT55,Northern Ireland
TD8,Scotland
PL34,South West (England)
TR20,South West (England)
LL77,Wales
IP14,East of England
BT31,Northern Ireland
BT35,Northern Ireland
TR12,South West (England)
TN10,South East (England)
NG90,East Midlands (England)
YO15,Yorkshire and The Humber
TN29,South East (England)
BT81,Northern Ireland
TR13,South West (England)
EX11,South West (England)
WF10,Yorkshire and The Humber
IP12,East of England
EX9,South West (England)
TR26,South West (England)
PL18,South West (England)
S33,East Midlands (England)
LS23,Yorkshire and The Humber
BT56,Northern Ireland
JE3,Channel Islands
PO32,South East (England)
PL17,South West (England)
TD7,Scotland
GY2,Channel Islands
TR4,South West (England)
EX19,South West (England)
PL24,South West (England)
BT94,Northern Ireland
PL16,South West (England)
TR17,South West (England)
PL31,South West (England)
TR6,South West (England)
BT2,Northern Ireland
EX18,South West (England)
LL61,Wales
PO35,South East (England)
LL58,Wales
GY6,Channel Islands
TR8,South West (England)
YO43,Yorkshire and The Humber
GY8,Channel Islands
TQ11,South West (England)
IM3,North West (England)
PL27,South West (England)
CRO,London
PL28,South West (England)
LL5,Wales
GY7,Channel Islands
LD1,Wales
PL13,South West (England)
PL11,South West (England)
GY4,Channel Islands
EX24,South West (England)
EX38,South West (England)
EX37,South West (England)
EX33,South West (England)
TD14,Scotland
LL64,Wales
BT75,Northern Ireland
MK1,South East (England)
BT77,Northern Ireland
SY17,Wales
TN28,South East (England)
IM8,North West (England)
PL35,South West (England)
BT3,Northern Ireland
TD4,Scotland
ME11,South East (England)
LL67,Wales
GY5,Channel Islands
TD2,Scotland
LL74,Wales
AB1,Scotland
SY18,Wales
PL10,South West (England)
IM5,North West (England)
EW1,London
IM1,North West (England)
PL23,South West (England)
PO34,South East (England)
LL62,Wales
BT68,Northern Ireland
PL33,South West (England)
LD4,Wales
M2O,North West (England)
TD10,Scotland
IP16,East of England
ZE2,Scotland
LL69,Wales
LL68,Wales
TR21,South West (England)
TR5,South West (England)
PL29,South West (England)
IM7,North West (England)
SO3O,South East (England)
